approach;log;config;with_labels;precision;recall;F$_1$-score;ED;Seg. found;Seg. true;rand_mic;ari_mic;jaccard_mic;fowlkes_mallows_mic;rand_mac;ari_mac;jaccard_mac;fowlkes_mallows_mac;runtime;part;num_classes;sizeof_cooc;max_num_events;max_buffer_size;size_clust;size_full;avg_resp_seg;avg_resp_cat;obj_tp;obj_fp;obj_fn;obj_prec;obj_rec;obj_f1;obj_obj_relations_tp;obj_obj_relations_fp;obj_obj_relations_fn;obj_obj_relations_prec;obj_obj_relations_rec;obj_obj_relations_f1;obj_task_relations_tp;obj_task_relations_fp;obj_task_relations_fn;obj_task_relations_prec;obj_task_relations_rec;obj_task_relations_f1;label_prec;label_rec;label_f1;label_support;n;m
Ours old;L3.csv;max_buffer_size=250-warm_up_events=250-similarity_thresh=0.1-labels=None;FALSE;0.9170160755043468;0.9069264069264069;0.9079719925474543;0.2337739150504262;138;120;0.9056277056277057;0.7557750962973359;0.8320489920692464;0.8199496159121072;0.9236221305405692;0.794859804488406;0.8574319547543301;0.8456143267481538;13.286.331.968.000.000;full;38;8856;82;2272;48;1703141;0;0.002878487691668852;0;46;0;0.0;0;0;0;0;0;0;0;0;0;46;0;0.0;0;0;0;0;0;0;0;0
Ours old;L3.csv;max_buffer_size=250-warm_up_events=250-similarity_thresh=0.1-labels=None;TRUE;0.9170160755043468;0.9069264069264069;0.9079719925474543;0.2337739150504262;138;120;0.9056277056277057;0.7557750962973359;0.8320489920692464;0.8199496159121072;0.9236221305405692;0.794859804488406;0.8574319547543301;0.8456143267481538;15.013.829.891.999.800;full;38;8856;82;2272;48;1703141;0;0.00330054344999553;0;46;0;0.0;0;0;0;0;0;0;0;0;0;46;0;0.0;0;0;0.581140350877193;0.7083333333333334;0.6250343727657702;120;0;0
Ours old;L3.csv;max_buffer_size=250-warm_up_events=500-similarity_thresh=0.1-labels=None;FALSE;0.9222146413144644;0.9126984126984127;0.9134551306490722;0.2337739150504262;138;120;0.9119112736441256;0.7716875952849964;0.8415124030082081;0.831527076550108;0.9376917380725696;0.8323337318850563;0.8794530316269445;0.87369372076733;12.831.382.121.999.900;full;38;8856;82;2272;48;1703141;0;0.00309269471910248;0;46;0;0.0;0;0;0;0;0;0;0;0;0;46;0;0.0;0;0;0;0;0;0;0;0
Ours old;L3.csv;max_buffer_size=250-warm_up_events=500-similarity_thresh=0.1-labels=None;TRUE;0.9222146413144644;0.9126984126984127;0.9134551306490722;0.2337739150504262;138;120;0.9119112736441256;0.7716875952849964;0.8415124030082081;0.831527076550108;0.9376917380725696;0.8323337318850563;0.8794530316269445;0.87369372076733;1.381.558.660.099.990;full;38;8856;82;2272;48;1703141;0;0.0033071575280956404;0;46;0;0.0;0;0;0;0;0;0;0;0;0;46;0;0.0;0;0;0.581140350877193;0.7083333333333334;0.6250343727657702;120;0;0
Ours old;L3.csv;max_buffer_size=250-warm_up_events=1000-similarity_thresh=0.1-labels=None;FALSE;0.9419439123800099;0.937950937950938;0.9382442363282275;0.2337739150504262;138;120;0.9371622360792036;0.8358678782669496;0.8842625906207794;0.8782995364542384;1.0;1.0;1.0;1.0;11.971.149.347.000.100;full;38;8856;82;2272;48;1703141;0;0.0054646729512147964;0;46;0;0.0;0;0;0;0;0;0;0;0;0;46;0;0.0;0;0;0;0;0;0;0;0
Ours old;L3.csv;max_buffer_size=250-warm_up_events=1000-similarity_thresh=0.1-labels=None;TRUE;0.9419439123800099;0.937950937950938;0.9382442363282275;0.2337739150504262;138;120;0.9371622360792036;0.8358678782669496;0.8842625906207794;0.8782995364542384;1.0;1.0;1.0;1.0;9.498.033.020.000.090;full;38;8856;82;2272;48;1703141;0;0.0040043470975622145;0;46;0;0.0;0;0;0;0;0;0;0;0;0;46;0;0.0;0;0;0.581140350877193;0.7083333333333334;0.6250343727657702;120;0;0
Ours old;L3.csv;max_buffer_size=250-warm_up_events=0-similarity_thresh=0.1-labels=None;FALSE;0.7463048456963037;0.7092352092352092;0.7028446260494766;0.2337739150504262;138;120;0.7567141242231495;0.41135987280828396;0.55669517343641;0.5832022604567816;0.8085263937374378;0.5003184716166005;0.6082423445007398;0.6296711960001579;8.253.799.363.000.090;full;38;8856;82;2272;48;1703141;0;0.0025149284130477918;0;46;0;0.0;0;0;0;0;0;0;0;0;0;46;0;0.0;0;0;0;0;0;0;0;0
Ours old;L3.csv;max_buffer_size=250-warm_up_events=0-similarity_thresh=0.1-labels=None;TRUE;0.7463048456963037;0.7092352092352092;0.7028446260494766;0.2337739150504262;138;120;0.7567141242231495;0.41135987280828396;0.55669517343641;0.5832022604567816;0.8085263937374378;0.5003184716166005;0.6082423445007398;0.6296711960001579;8.943.330.866.999.980;full;38;8856;82;2272;48;1703141;0;0.0026293622101393075;0;46;0;0.0;0;0;0;0;0;0;0;0;0;46;0;0.0;0;0;0.581140350877193;0.7083333333333334;0.6250343727657702;120;0;0
Ours old;L2.csv;max_buffer_size=250-warm_up_events=250-similarity_thresh=0.1-labels=None;FALSE;0.918098851284312;0.8986613563447284;0.9002433698294874;0.056277458336800645;231;240;0.8870580267587718;0.7265208015342232;0.8198874651273872;0.8066814991161698;0.937888198757764;0.8472832244038622;0.8760658533385807;0.8906748467257541;12.357.355.858.100.000;full;117;8856;241;9312;48;11125862;0;0.0026286756147178947;994;116;104;0.8954954954954955;0.9052823315118397;0.9003623188405797;7605;0;155;1.0;0.9800257731958762;0.9899121379759194;994;116;104;0.8954954954954955;0.9052823315118397;0.9003623188405797;0;0;0;0;0;0
Ours old;L2.csv;max_buffer_size=250-warm_up_events=250-similarity_thresh=0.1-labels=None;TRUE;0.918098851284312;0.8986613563447284;0.9002433698294874;0.056277458336800645;231;240;0.8870580267587718;0.7265208015342232;0.8198874651273872;0.8066814991161698;0.937888198757764;0.8472832244038622;0.8760658533385807;0.8906748467257541;12.372.455.174.099.900;full;117;8856;241;9312;48;11125862;0;0.002504650389610736;994;116;104;0.8954954954954955;0.9052823315118397;0.9003623188405797;7605;0;155;1.0;0.9800257731958762;0.9899121379759194;994;116;104;0.8954954954954955;0.9052823315118397;0.9003623188405797;0.6580010371462104;0.775;0.707238732730388;240;0;0
Ours old;L2.csv;max_buffer_size=250-warm_up_events=500-similarity_thresh=0.1-labels=None;FALSE;0.8998839734843036;0.8807390198030756;0.8814467975867846;0.056277458336800645;231;240;0.8764031578044646;0.6996444596956796;0.7893549348638678;0.7869629379407984;0.9140222096743836;0.7905622010876613;0.8449054363738533;0.8510067035593283;12.894.850.464.899.900;full;117;8856;241;9312;48;11126032;0;0.002506351569494687;994;116;104;0.8954954954954955;0.9052823315118397;0.9003623188405797;7605;0;155;1.0;0.9800257731958762;0.9899121379759194;994;116;104;0.8954954954954955;0.9052823315118397;0.9003623188405797;0;0;0;0;0;0
Ours old;L2.csv;max_buffer_size=250-warm_up_events=500-similarity_thresh=0.1-labels=None;TRUE;0.8998839734843036;0.8807390198030756;0.8814467975867846;0.056277458336800645;231;240;0.8764031578044646;0.6996444596956796;0.7893549348638678;0.7869629379407984;0.9140222096743836;0.7905622010876613;0.8449054363738533;0.8510067035593283;13.563.447.561.800.000;full;117;8856;241;9312;48;11126032;0;0.002781073712993942;994;116;104;0.8954954954954955;0.9052823315118397;0.9003623188405797;7605;0;155;1.0;0.9800257731958762;0.9899121379759194;994;116;104;0.8954954954954955;0.9052823315118397;0.9003623188405797;0.6580010371462104;0.775;0.707238732730388;240;0;0
Ours old;L2.csv;max_buffer_size=250-warm_up_events=1000-similarity_thresh=0.1-labels=None;FALSE;0.9396800724724378;0.9305232879743335;0.9313433125938603;0.056277458336800645;231;240;0.9217379944951484;0.8079552325228961;0.8720375178704838;0.8628294877589271;0.9675136457745154;0.9212821239014407;0.9414617150595264;0.944329359313991;7.683.953.066.200.000;full;117;8856;241;9312;48;11125938;0;0.0024143643864515864;994;116;104;0.8954954954954955;0.9052823315118397;0.9003623188405797;7605;0;155;1.0;0.9800257731958762;0.9899121379759194;994;116;104;0.8954954954954955;0.9052823315118397;0.9003623188405797;0;0;0;0;0;0
Ours old;L2.csv;max_buffer_size=250-warm_up_events=1000-similarity_thresh=0.1-labels=None;TRUE;0.9396800724724378;0.9305232879743335;0.9313433125938603;0.056277458336800645;231;240;0.9217379944951484;0.8079552325228961;0.8720375178704838;0.8628294877589271;0.9675136457745154;0.9212821239014407;0.9414617150595264;0.944329359313991;7.634.467.244.999.990;full;117;8856;241;9312;48;11125938;0;0.002448722019329984;994;116;104;0.8954954954954955;0.9052823315118397;0.9003623188405797;7605;0;155;1.0;0.9800257731958762;0.9899121379759194;994;116;104;0.8954954954954955;0.9052823315118397;0.9003623188405797;0.6580010371462104;0.775;0.707238732730388;240;0;0
Ours old;L2.csv;max_buffer_size=250-warm_up_events=0-similarity_thresh=0.1-labels=None;FALSE;0.918098851284312;0.8986613563447284;0.9002433698294874;0.056277458336800645;231;240;0.8870580267587718;0.7265208015342232;0.8198874651273872;0.8066814991161698;0.937888198757764;0.8472832244038622;0.8760658533385807;0.8906748467257541;7.644.625.799.200.000;full;117;8856;241;9312;48;11125862;0;0.002433143839827206;994;116;104;0.8954954954954955;0.9052823315118397;0.9003623188405797;7605;0;155;1.0;0.9800257731958762;0.9899121379759194;994;116;104;0.8954954954954955;0.9052823315118397;0.9003623188405797;0;0;0;0;0;0
Ours old;L2.csv;max_buffer_size=250-warm_up_events=0-similarity_thresh=0.1-labels=None;TRUE;0.918098851284312;0.8986613563447284;0.9002433698294874;0.056277458336800645;231;240;0.8870580267587718;0.7265208015342232;0.8198874651273872;0.8066814991161698;0.937888198757764;0.8472832244038622;0.8760658533385807;0.8906748467257541;7.803.989.619.100.000;full;117;8856;241;9312;48;11125862;0;0.0025535820735873224;994;116;104;0.8954954954954955;0.9052823315118397;0.9003623188405797;7605;0;155;1.0;0.9800257731958762;0.9899121379759194;994;116;104;0.8954954954954955;0.9052823315118397;0.9003623188405797;0.6580010371462104;0.775;0.707238732730388;240;0;0
Ours old;L1.csv;max_buffer_size=250-warm_up_events=250-similarity_thresh=0.1-labels=None;FALSE;0.9412347641277427;0.9352306182531894;0.9338286507454386;0.04234093841384911;198;200;0.9074421158038707;0.8070192621821439;0.8774385101910848;0.8844639008401559;0.9261652053530226;0.8421488661096128;0.8778853295165583;0.9011703559016534;6.156.197.651.299.990;full;69;8856;125;4696;48;6374575;0;0.0021918394999997154;516;69;106;0.882051282051282;0.8295819935691319;0.8550124275062136;2345;0;155;1.0;0.938;0.9680082559339525;516;69;106;0.882051282051282;0.8295819935691319;0.8550124275062136;0;0;0;0;0;0
Ours old;L1.csv;max_buffer_size=250-warm_up_events=250-similarity_thresh=0.1-labels=None;TRUE;0.9412347641277427;0.9352306182531894;0.9338286507454386;0.04234093841384911;198;200;0.9074421158038707;0.8070192621821439;0.8774385101910848;0.8844639008401559;0.9261652053530226;0.8421488661096128;0.8778853295165583;0.9011703559016534;652.248.864.799.999;full;69;8856;125;4696;48;6374575;0;0.002290470605267776;516;69;106;0.882051282051282;0.8295819935691319;0.8550124275062136;2345;0;155;1.0;0.938;0.9680082559339525;516;69;106;0.882051282051282;0.8295819935691319;0.8550124275062136;0.9453862749979255;0.945;0.9443685278103982;200;0;0
Ours old;L1.csv;max_buffer_size=250-warm_up_events=500-similarity_thresh=0.1-labels=None;FALSE;0.9708994938322046;0.9699051357540072;0.9698276139810258;0.04234093841384911;198;200;0.9559172387487403;0.9070137022007927;0.9414444644738375;0.9430204545370303;0.9577500897297851;0.9094862200112351;0.9411117037629688;0.943186509938945;51.324.793.838.000.000;full;69;8856;125;4696;48;6374575;0;0.0021606212430874397;516;69;106;0.882051282051282;0.8295819935691319;0.8550124275062136;2345;0;155;1.0;0.938;0.9680082559339525;516;69;106;0.882051282051282;0.8295819935691319;0.8550124275062136;0;0;0;0;0;0
Ours old;L1.csv;max_buffer_size=250-warm_up_events=500-similarity_thresh=0.1-labels=None;TRUE;0.9708994938322046;0.9699051357540072;0.9698276139810258;0.04234093841384911;198;200;0.9559172387487403;0.9070137022007927;0.9414444644738375;0.9430204545370303;0.9577500897297851;0.9094862200112351;0.9411117037629688;0.943186509938945;51.354.495.931.999.700;full;69;8856;125;4696;48;6374575;0;0.00244685507184147;516;69;106;0.882051282051282;0.8295819935691319;0.8550124275062136;2345;0;155;1.0;0.938;0.9680082559339525;516;69;106;0.882051282051282;0.8295819935691319;0.8550124275062136;0.9453862749979255;0.945;0.9443685278103982;200;0;0
Ours old;L1.csv;max_buffer_size=250-warm_up_events=1000-similarity_thresh=0.1-labels=None;FALSE;0.9708994938322046;0.9699051357540072;0.9698276139810258;0.04234093841384911;198;200;0.9559172387487403;0.9070137022007927;0.9414444644738375;0.9430204545370303;0.9577500897297851;0.9094862200112351;0.9411117037629688;0.943186509938945;47.936.182.107.999.600;full;69;8856;125;4696;48;6374575;0;0.0020539598690474817;516;69;106;0.882051282051282;0.8295819935691319;0.8550124275062136;2345;0;155;1.0;0.938;0.9680082559339525;516;69;106;0.882051282051282;0.8295819935691319;0.8550124275062136;0;0;0;0;0;0
Ours old;L1.csv;max_buffer_size=250-warm_up_events=1000-similarity_thresh=0.1-labels=None;TRUE;0.9708994938322046;0.9699051357540072;0.9698276139810258;0.04234093841384911;198;200;0.9559172387487403;0.9070137022007927;0.9414444644738375;0.9430204545370303;0.9577500897297851;0.9094862200112351;0.9411117037629688;0.943186509938945;4.560.478.866.299.990;full;69;8856;125;4696;48;6374575;0;0.002030484363087583;516;69;106;0.882051282051282;0.8295819935691319;0.8550124275062136;2345;0;155;1.0;0.938;0.9680082559339525;516;69;106;0.882051282051282;0.8295819935691319;0.8550124275062136;0.9453862749979255;0.945;0.9443685278103982;200;0;0
Ours old;L1.csv;max_buffer_size=250-warm_up_events=0-similarity_thresh=0.1-labels=None;FALSE;0.9133705586343761;0.9075891396794242;0.9058172464721344;0.04234093841384911;198;200;0.881389271008267;0.7530683265211162;0.8295979805400535;0.8523585765836111;0.8350510177921345;0.6446272664090619;0.7791244857005123;0.7747409981141059;47.857.925.239.999.900;full;69;8856;125;4696;48;6374548;0;0.0020835460757511596;516;69;106;0.882051282051282;0.8295819935691319;0.8550124275062136;2345;0;155;1.0;0.938;0.9680082559339525;516;69;106;0.882051282051282;0.8295819935691319;0.8550124275062136;0;0;0;0;0;0
Ours old;L1.csv;max_buffer_size=250-warm_up_events=0-similarity_thresh=0.1-labels=None;TRUE;0.9133705586343761;0.9075891396794242;0.9058172464721344;0.04234093841384911;198;200;0.881389271008267;0.7530683265211162;0.8295979805400535;0.8523585765836111;0.8350510177921345;0.6446272664090619;0.7791244857005123;0.7747409981141059;44.668.623.317.999.800;full;69;8856;125;4696;48;6374548;0;0.0019874633282960523;516;69;106;0.882051282051282;0.8295819935691319;0.8550124275062136;2345;0;155;1.0;0.938;0.9680082559339525;516;69;106;0.882051282051282;0.8295819935691319;0.8550124275062136;0.9453862749979255;0.945;0.9443685278103982;200;0;0
Leno et al.;L3.csv;max_buffer_size=250-warm_up_events=250-similarity_thresh=0.0-labels=None;FALSE;0.2860940452683572;0.3412698412698413;0.2184485079453457;0.5770265924602278;29;120;0.3129093930537974;0.009582792161681961;0.13848266800434958;0.4833796569713476;0.4605911330049261;0.031205735579332736;0.3477011494252874;0.48032972610357966;8.452.228.774;full;38;8856;148;9312;48;1703141;0;0.004594568041666654;0;206;0;0.0;0;0;0;0;0;0;0;0;0;206;0;0.0;0;0;0;0;0;0;0;0
Leno et al.;L3.csv;max_buffer_size=250-warm_up_events=250-similarity_thresh=0.0-labels=None;TRUE;0.2860940452683572;0.3412698412698413;0.2184485079453457;0.5770265924602278;29;120;0.3129093930537974;0.009582792161681961;0.13848266800434958;0.4833796569713476;0.4605911330049261;0.031205735579332736;0.3477011494252874;0.48032972610357966;7.957.653.963;full;38;8856;148;9312;48;1703141;0;0.002099384750000229;0;206;0;0.0;0;0;0;0;0;0;0;0;0;206;0;0.0;0;0;0.3136574074074074;0.36666666666666664;0.3025525525525526;120;0;0
Leno et al.;L3.csv;max_buffer_size=250-warm_up_events=500-similarity_thresh=0.0-labels=None;FALSE;0.33453931738992715;0.36002886002886003;0.23708045999928556;0.5770265924602278;29;120;0.3162496548778137;0.01797997649993217;0.15272113557174533;0.4908725080998835;0.5640394088669951;0.19683930527304022;0.4670846394984326;0.5668932769036177;7.841.510.354;full;38;8856;148;9312;48;1703141;0;0.002879488199999732;0;206;0;0.0;0;0;0;0;0;0;0;0;0;206;0;0.0;0;0;0;0;0;0;0;0
Leno et al.;L3.csv;max_buffer_size=250-warm_up_events=500-similarity_thresh=0.0-labels=None;TRUE;0.33453931738992715;0.36002886002886003;0.23708045999928556;0.5770265924602278;29;120;0.3162496548778137;0.01797997649993217;0.15272113557174533;0.4908725080998835;0.5640394088669951;0.19683930527304022;0.4670846394984326;0.5668932769036177;8.531.135.416.999.990;full;38;8856;148;9312;48;1703141;0;0.0026344405999987924;0;206;0;0.0;0;0;0;0;0;0;0;0;0;206;0;0.0;0;0;0.3136574074074074;0.36666666666666664;0.3025525525525526;120;0;0
Leno et al.;L3.csv;max_buffer_size=250-warm_up_events=1000-similarity_thresh=0.0-labels=None;FALSE;0.33453931738992715;0.36002886002886003;0.23708045999928556;0.5770265924602278;29;120;0.3162496548778137;0.01797997649993217;0.15272113557174533;0.4908725080998835;0.5640394088669951;0.19683930527304022;0.4670846394984326;0.5668932769036177;9.926.376.423;full;38;8856;148;9312;48;1703141;0;0.004119880333332067;0;206;0;0.0;0;0;0;0;0;0;0;0;0;206;0;0.0;0;0;0;0;0;0;0;0
Leno et al.;L3.csv;max_buffer_size=250-warm_up_events=1000-similarity_thresh=0.0-labels=None;TRUE;0.33453931738992715;0.36002886002886003;0.23708045999928556;0.5770265924602278;29;120;0.3162496548778137;0.01797997649993217;0.15272113557174533;0.4908725080998835;0.5640394088669951;0.19683930527304022;0.4670846394984326;0.5668932769036177;8.972.551.914.999.990;full;38;8856;148;9312;48;1703141;0;0.0035095916666657936;0;206;0;0.0;0;0;0;0;0;0;0;0;0;206;0;0.0;0;0;0.3136574074074074;0.36666666666666664;0.3025525525525526;120;0;0
Leno et al.;L3.csv;max_buffer_size=250-warm_up_events=0-similarity_thresh=0.0-labels=None;FALSE;0.2860940452683572;0.3412698412698413;0.2184485079453457;0.5770265924602278;29;120;0.3129093930537974;0.009582792161681961;0.13848266800434958;0.4833796569713476;0.4605911330049261;0.031205735579332736;0.3477011494252874;0.48032972610357966;895.515.478;full;38;8856;148;9312;48;1703141;0;0.002174530517241292;0;206;0;0.0;0;0;0;0;0;0;0;0;0;206;0;0.0;0;0;0;0;0;0;0;0
Leno et al.;L3.csv;max_buffer_size=250-warm_up_events=0-similarity_thresh=0.0-labels=None;TRUE;0.2860940452683572;0.3412698412698413;0.2184485079453457;0.5770265924602278;29;120;0.3129093930537974;0.009582792161681961;0.13848266800434958;0.4833796569713476;0.4605911330049261;0.031205735579332736;0.3477011494252874;0.48032972610357966;8.510.317.314.999.990;full;38;8856;148;9312;48;1703141;0;0.0022543177241398727;0;206;0;0.0;0;0;0;0;0;0;0;0;0;206;0;0.0;0;0;0.3136574074074074;0.36666666666666664;0.3025525525525526;120;0;0
Leno et al.;L2.csv;max_buffer_size=250-warm_up_events=250-similarity_thresh=0.0-labels=None;FALSE;0.5340681786231525;0.4451819891580927;0.35775429024540484;0.32444274273330603;99;240;0.4142533396564042;0.057071877817345046;0.236998147922581;0.5028341518310122;0.7575757575757576;0.49691416815878703;0.5333333333333333;0.6936560012518453;8.746.522.572.700.000;full;117;8856;764;36960;48;11125050;0;0.002411835175259187;931;397;167;0.7010542168674698;0.8479052823315119;0.7675185490519373;7120;0;640;1.0;0.9175257731958762;0.956989247311828;931;397;167;0.7010542168674698;0.8479052823315119;0.7675185490519373;0;0;0;0;0;0
Leno et al.;L2.csv;max_buffer_size=250-warm_up_events=250-similarity_thresh=0.0-labels=None;TRUE;0.5340681786231525;0.4451819891580927;0.35775429024540484;0.32444274273330603;99;240;0.4142533396564042;0.057071877817345046;0.236998147922581;0.5028341518310122;0.7575757575757576;0.49691416815878703;0.5333333333333333;0.6936560012518453;8.603.333.802.399.990;full;117;8856;764;36960;48;11125050;0;0.00241108695876305;931;397;167;0.7010542168674698;0.8479052823315119;0.7675185490519373;7120;0;640;1.0;0.9175257731958762;0.956989247311828;931;397;167;0.7010542168674698;0.8479052823315119;0.7675185490519373;0.45680957062039546;0.5208333333333334;0.48193839224373575;240;0;0
Leno et al.;L2.csv;max_buffer_size=250-warm_up_events=500-similarity_thresh=0.0-labels=None;FALSE;0.5342530269125879;0.44639893793561236;0.35923604049984437;0.32444274273330603;99;240;0.4160883228318897;0.05869651243028231;0.23839708006209517;0.5033190669737546;0.7950937950937951;0.5726051044942332;0.5568896512292739;0.7409943970247467;8.568.849.235.900.000;full;117;8856;764;36960;48;11125061;0;0.0028509669368388226;931;397;167;0.7010542168674698;0.8479052823315119;0.7675185490519373;7120;0;640;1.0;0.9175257731958762;0.956989247311828;931;397;167;0.7010542168674698;0.8479052823315119;0.7675185490519373;0;0;0;0;0;0
Leno et al.;L2.csv;max_buffer_size=250-warm_up_events=500-similarity_thresh=0.0-labels=None;TRUE;0.5342530269125879;0.44639893793561236;0.35923604049984437;0.32444274273330603;99;240;0.4160883228318897;0.05869651243028231;0.23839708006209517;0.5033190669737546;0.7950937950937951;0.5726051044942332;0.5568896512292739;0.7409943970247467;8.400.175.231.200.000;full;117;8856;764;36960;48;11125061;0;0.002568928421053921;931;397;167;0.7010542168674698;0.8479052823315119;0.7675185490519373;7120;0;640;1.0;0.9175257731958762;0.956989247311828;931;397;167;0.7010542168674698;0.8479052823315119;0.7675185490519373;0.45680957062039546;0.5208333333333334;0.48193839224373575;240;0;0
Leno et al.;L2.csv;max_buffer_size=250-warm_up_events=1000-similarity_thresh=0.0-labels=None;FALSE;0.5342530269125879;0.44639893793561236;0.35923604049984437;0.32444274273330603;99;240;0.4160883228318897;0.05869651243028231;0.23839708006209517;0.5033190669737546;0.7950937950937951;0.5726051044942332;0.5568896512292739;0.7409943970247467;9.036.226.386.599.990;full;117;8856;764;36960;48;11125061;0;0.0030948058681331903;931;397;167;0.7010542168674698;0.8479052823315119;0.7675185490519373;7120;0;640;1.0;0.9175257731958762;0.956989247311828;931;397;167;0.7010542168674698;0.8479052823315119;0.7675185490519373;0;0;0;0;0;0
Leno et al.;L2.csv;max_buffer_size=250-warm_up_events=1000-similarity_thresh=0.0-labels=None;TRUE;0.5342530269125879;0.44639893793561236;0.35923604049984437;0.32444274273330603;99;240;0.4160883228318897;0.05869651243028231;0.23839708006209517;0.5033190669737546;0.7950937950937951;0.5726051044942332;0.5568896512292739;0.7409943970247467;8.833.140.327.900.000;full;117;8856;764;36960;48;11125061;0;0.0026495440329699204;931;397;167;0.7010542168674698;0.8479052823315119;0.7675185490519373;7120;0;640;1.0;0.9175257731958762;0.956989247311828;931;397;167;0.7010542168674698;0.8479052823315119;0.7675185490519373;0.45680957062039546;0.5208333333333334;0.48193839224373575;240;0;0
Leno et al.;L2.csv;max_buffer_size=250-warm_up_events=0-similarity_thresh=0.0-labels=None;FALSE;0.5340681786231525;0.4451819891580927;0.35775429024540484;0.32444274273330603;99;240;0.4142533396564042;0.057071877817345046;0.236998147922581;0.5028341518310122;0.7575757575757576;0.49691416815878703;0.5333333333333333;0.6936560012518453;7.165.231.440.899.990;full;117;8856;764;36960;48;11125050;0;0.0034064814242470913;931;397;167;0.7010542168674698;0.8479052823315119;0.7675185490519373;7120;0;640;1.0;0.9175257731958762;0.956989247311828;931;397;167;0.7010542168674698;0.8479052823315119;0.7675185490519373;0;0;0;0;0;0
Leno et al.;L2.csv;max_buffer_size=250-warm_up_events=0-similarity_thresh=0.0-labels=None;TRUE;0.5340681786231525;0.4451819891580927;0.35775429024540484;0.32444274273330603;99;240;0.4142533396564042;0.057071877817345046;0.236998147922581;0.5028341518310122;0.7575757575757576;0.49691416815878703;0.5333333333333333;0.6936560012518453;7.604.570.265.100.000;full;117;8856;764;36960;48;11125050;0;0.0028537069292919703;931;397;167;0.7010542168674698;0.8479052823315119;0.7675185490519373;7120;0;640;1.0;0.9175257731958762;0.956989247311828;931;397;167;0.7010542168674698;0.8479052823315119;0.7675185490519373;0.45680957062039546;0.5208333333333334;0.48193839224373575;240;0;0
Leno et al.;L1.csv;max_buffer_size=250-warm_up_events=250-similarity_thresh=0.0-labels=None;FALSE;0.46543506405656776;0.5346745175008178;0.48207383324821407;0.8377247009554162;202;200;0.5634266350325868;0.12755501732442193;0.359614967540051;0.5095609116508735;0.8206984877592237;0.06584240198098605;0.8920531712019816;0.9039995886795102;54.034.008.325.999.900;full;69;8856;428;18520;48;6373144;0;0.002194882055264247;482;575;140;0.45600756859035;0.77491961414791;0.5741512805241215;2022;0;478;1.0;0.8088;0.8942945599292348;482;575;140;0.45600756859035;0.77491961414791;0.5741512805241215;0;0;0;0;0;0
Leno et al.;L1.csv;max_buffer_size=250-warm_up_events=250-similarity_thresh=0.0-labels=None;TRUE;0.46543506405656776;0.5346745175008178;0.48207383324821407;0.8377247009554162;202;200;0.5634266350325868;0.12755501732442193;0.359614967540051;0.5095609116508735;0.8206984877592237;0.06584240198098605;0.8920531712019816;0.9039995886795102;49.662.860.320.999.900;full;69;8856;428;18520;48;6373144;0;0.0021215931306571394;482;575;140;0.45600756859035;0.77491961414791;0.5741512805241215;2022;0;478;1.0;0.8088;0.8942945599292348;482;575;140;0.45600756859035;0.77491961414791;0.5741512805241215;0.5096153846153846;0.405;0.30547190329799023;200;0;0
Leno et al.;L1.csv;max_buffer_size=250-warm_up_events=500-similarity_thresh=0.0-labels=None;FALSE;0.46543506405656776;0.5346745175008178;0.48207383324821407;0.8377247009554162;202;200;0.5634266350325868;0.12755501732442193;0.359614967540051;0.5095609116508735;0.8206984877592237;0.06584240198098605;0.8920531712019816;0.9039995886795102;7.057.189.627.999.990;full;69;8856;428;18520;48;6373144;0;0.0024800000410270793;482;575;140;0.45600756859035;0.77491961414791;0.5741512805241215;2022;0;478;1.0;0.8088;0.8942945599292348;482;575;140;0.45600756859035;0.77491961414791;0.5741512805241215;0;0;0;0;0;0
Leno et al.;L1.csv;max_buffer_size=250-warm_up_events=500-similarity_thresh=0.0-labels=None;TRUE;0.46543506405656776;0.5346745175008178;0.48207383324821407;0.8377247009554162;202;200;0.5634266350325868;0.12755501732442193;0.359614967540051;0.5095609116508735;0.8206984877592237;0.06584240198098605;0.8920531712019816;0.9039995886795102;6.813.365.702.099.990;full;69;8856;428;18520;48;6373144;0;0.0026516479076993467;482;575;140;0.45600756859035;0.77491961414791;0.5741512805241215;2022;0;478;1.0;0.8088;0.8942945599292348;482;575;140;0.45600756859035;0.77491961414791;0.5741512805241215;0.5096153846153846;0.405;0.30547190329799023;200;0;0
Leno et al.;L1.csv;max_buffer_size=250-warm_up_events=1000-similarity_thresh=0.0-labels=None;FALSE;0.4918187099420627;0.5552829571475303;0.5007618407314184;0.8377247009554162;202;200;0.5735752155685736;0.14950221893258786;0.3794210853809917;0.523732856393726;0.8368553273237771;0.1500192404837983;0.9019801980198019;0.9130060847941716;7.388.745.715.499.990;full;69;8856;428;18520;48;6373144;0;0.0024789381142961376;482;575;140;0.45600756859035;0.77491961414791;0.5741512805241215;2022;0;478;1.0;0.8088;0.8942945599292348;482;575;140;0.45600756859035;0.77491961414791;0.5741512805241215;0;0;0;0;0;0
Leno et al.;L1.csv;max_buffer_size=250-warm_up_events=1000-similarity_thresh=0.0-labels=None;TRUE;0.4918187099420627;0.5552829571475303;0.5007618407314184;0.8377247009554162;202;200;0.5735752155685736;0.14950221893258786;0.3794210853809917;0.523732856393726;0.8368553273237771;0.1500192404837983;0.9019801980198019;0.9130060847941716;7.269.237.372.499.990;full;69;8856;428;18520;48;6373144;0;0.0025189020914331197;482;575;140;0.45600756859035;0.77491961414791;0.5741512805241215;2022;0;478;1.0;0.8088;0.8942945599292348;482;575;140;0.45600756859035;0.77491961414791;0.5741512805241215;0.5096153846153846;0.405;0.30547190329799023;200;0;0
Leno et al.;L1.csv;max_buffer_size=250-warm_up_events=0-similarity_thresh=0.0-labels=None;FALSE;0.46433177029410777;0.5322211318285901;0.48004906268476266;0.8377247009554162;202;200;0.5613131835439641;0.12345906476361149;0.3573123520061579;0.5073333425259504;0.7895670164031329;0.051436818419499736;0.8722742722033399;0.886263400339067;5.237.269.131.599.980;full;69;8856;428;18520;48;6373144;0;0.0027486296584118123;482;575;140;0.45600756859035;0.77491961414791;0.5741512805241215;2022;0;478;1.0;0.8088;0.8942945599292348;482;575;140;0.45600756859035;0.77491961414791;0.5741512805241215;0;0;0;0;0;0
Leno et al.;L1.csv;max_buffer_size=250-warm_up_events=0-similarity_thresh=0.0-labels=None;TRUE;0.46433177029410777;0.5322211318285901;0.48004906268476266;0.8377247009554162;202;200;0.5613131835439641;0.12345906476361149;0.3573123520061579;0.5073333425259504;0.7895670164031329;0.051436818419499736;0.8722742722033399;0.886263400339067;51.798.423.705.000.000;full;69;8856;428;18520;48;6373144;0;0.0023130854504985325;482;575;140;0.45600756859035;0.77491961414791;0.5741512805241215;2022;0;478;1.0;0.8088;0.8942945599292348;482;575;140;0.45600756859035;0.77491961414791;0.5741512805241215;0.5096153846153846;0.405;0.30547190329799023;200;0;0